Workbook

Sheet Submission Guide
A1: Task | B1: What is included
A2: Task 6 | B2: Employee Data sheet is formatted as an Excel Table with styled headers, number formatting, sorting/filter-ready columns, and Filtered View shows Salary > ₹50,000.
A3: Task 7 | B3: Conditional formatting highlights performance >= 90 and < 70. Functions sheet demonstrates IF(), COUNTIF(), and SUMIF().
A4: Task 8 | B4: Lookup Tables sheet demonstrates VLOOKUP() and XLOOKUP() using Employee ID 105.
A5: Task 9 | B5: Pivot Summary provides a pivot-style department summary and a chart of total salary by department. In Excel, the raw Employee Data can also be converted to a native PivotTable via Insert > PivotTable.

Sheet Employee Data
A1: Employee ID | B1: Name | C1: Department | D1: Salary | E1: City | F1: Performance | G1: Status
A2: 101 | B2: Aarav | C2: Sales | D2: 45000 | E2: Delhi | F2: 88 | G2: =IF(F2>=70,"Pass","Fail")
A3: 102 | B3: Priya | C3: HR | D3: 52000 | E3: Lucknow | F3: 76 | G3: =IF(F3>=70,"Pass","Fail")
A4: 103 | B4: Rahul | C4: IT | D4: 68000 | E4: Noida | F4: 92 | G4: =IF(F4>=70,"Pass","Fail")
A5: 104 | B5: Sneha | C5: Sales | D5: 48000 | E5: Kanpur | F5: 68 | G5: =IF(F5>=70,"Pass","Fail")
A6: 105 | B6: Aman | C6: IT | D6: 72000 | E6: Delhi | F6: 95 | G6: =IF(F6>=70,"Pass","Fail")
A7: 106 | B7: Riya | C7: HR | D7: 55000 | E7: Agra | F7: 81 | G7: =IF(F7>=70,"Pass","Fail")
A8: 107 | B8: Karan | C8: Finance | D8: 62000 | E8: Jaipur | F8: 73 | G8: =IF(F8>=70,"Pass","Fail")
A9: 108 | B9: Neha | C9: Sales | D9: 51000 | E9: Delhi | F9: 89 | G9: =IF(F9>=70,"Pass","Fail")
A10: 109 | B10: Vikram | C10: IT | D10: 75000 | E10: Noida | F10: 96 | G10: =IF(F10>=70,"Pass","Fail")
A11: 110 | B11: Ananya | C11: Finance | D11: 58000 | E11: Agra | F11: 79 | G11: =IF(F11>=70,"Pass","Fail")
A12: 111 | B12: Mohit | C12: Sales | D12: 43000 | E12: Kanpur | F12: 64 | G12: =IF(F12>=70,"Pass","Fail")
A13: 112 | B13: Isha | C13: HR | D13: 60000 | E13: Lucknow | F13: 90 | G13: =IF(F13>=70,"Pass","Fail")

Sheet Filtered View
A1: Employee ID | B1: Name | C1: Department | D1: Salary | E1: City | F1: Performance | G1: Status
A2: 102 | B2: Priya | C2: HR | D2: 52000 | E2: Lucknow | F2: 76 | G2: Pass
A3: 103 | B3: Rahul | C3: IT | D3: 68000 | E3: Noida | F3: 92 | G3: Pass
A4: 105 | B4: Aman | C4: IT | D4: 72000 | E4: Delhi | F4: 95 | G4: Pass
A5: 106 | B5: Riya | C5: HR | D5: 55000 | E5: Agra | F5: 81 | G5: Pass
A6: 107 | B6: Karan | C6: Finance | D6: 62000 | E6: Jaipur | F6: 73 | G6: Pass
A7: 108 | B7: Neha | C7: Sales | D7: 51000 | E7: Delhi | F7: 89 | G7: Pass
A8: 109 | B8: Vikram | C8: IT | D8: 75000 | E8: Noida | F8: 96 | G8: Pass
A9: 110 | B9: Ananya | C9: Finance | D9: 58000 | E9: Agra | F9: 79 | G9: Pass
A10: 112 | B10: Isha | C10: HR | D10: 60000 | E10: Lucknow | F10: 90 | G10: Pass

Sheet Functions
A1: Function | B1: Formula | C1: Result | D1: Purpose
A2: IF() | B2: =IF('Employee Data'!F2>=70,"Pass","Fail") | C2: =IF('Employee Data'!F2>=70,"Pass","Fail") | D2: Checks a condition and returns one value if TRUE and another if FALSE.
A3: COUNTIF() | B3: =COUNTIF('Employee Data'!G2:G13,"Pass") | C3: =COUNTIF('Employee Data'!G2:G13,"Pass") | D3: Counts cells that meet a specified condition.
A4: SUMIF() | B4: =SUMIF('Employee Data'!C2:C13,"IT",'Employee Data'!D2:D13) | C4: =SUMIF('Employee Data'!C2:C13,"IT",'Employee Data'!D2:D13) | D4: Adds values that meet a specified condition.

Sheet Lookup Tables
A1: Employee ID | B1: Name | C1: Department | D1: Salary | F1: Lookup ID | G1: VLOOKUP Name | H1: XLOOKUP Salary
A2: 101 | B2: Aarav | C2: Sales | D2: 45000 | F2: 105 | G2: =VLOOKUP(F2,A2:D13,2,FALSE) | H2: =XLOOKUP(F2,A2:A13,D2:D13,"Not Found")
A3: 102 | B3: Priya | C3: HR | D3: 52000
A4: 103 | B4: Rahul | C4: IT | D4: 68000
A5: 104 | B5: Sneha | C5: Sales | D5: 48000
A6: 105 | B6: Aman | C6: IT | D6: 72000
A7: 106 | B7: Riya | C7: HR | D7: 55000
A8: 107 | B8: Karan | C8: Finance | D8: 62000
A9: 108 | B9: Neha | C9: Sales | D9: 51000
A10: 109 | B10: Vikram | C10: IT | D10: 75000
A11: 110 | B11: Ananya | C11: Finance | D11: 58000
A12: 111 | B12: Mohit | C12: Sales | D12: 43000
A13: 112 | B13: Isha | C13: HR | D13: 60000

Sheet Sales Data
A1: Sale ID | B1: Employee ID | C1: Product ID | D1: Quantity | E1: Sales Amount
A2: 1001 | B2: 101 | C2: P001 | D2: 1 | E2: 55000
A3: 1002 | B3: 103 | C3: P002 | D3: 3 | E3: 2400
A4: 1003 | B4: 104 | C4: P004 | D4: 2 | E4: 15000
A5: 1004 | B5: 105 | C5: P006 | D5: 2 | E5: 36000
A6: 1005 | B6: 108 | C6: P003 | D6: 5 | E6: 7500
A7: 1006 | B7: 109 | C7: P005 | D7: 1 | E7: 12000
A8: 1007 | B8: 111 | C8: P002 | D8: 4 | E8: 3200
A9: 1008 | B9: 102 | C9: P004 | D9: 1 | E9: 7500
A10: 1009 | B10: 106 | C10: P006 | D10: 1 | E10: 18000
A11: 1010 | B11: 110 | C11: P005 | D11: 2 | E11: 24000
A12: 1011 | B12: 112 | C12: P001 | D12: 1 | E12: 55000
A13: 1012 | B13: 107 | C13: P003 | D13: 8 | E13: 12000

Sheet Product Data
A1: Product ID | B1: Product | C1: Category | D1: Price
A2: P001 | B2: Laptop | C2: Electronics | D2: 55000
A3: P002 | B3: Mouse | C3: Electronics | D3: 800
A4: P003 | B4: Keyboard | C4: Electronics | D4: 1500
A5: P004 | B5: Office Chair | C5: Furniture | D5: 7500
A6: P005 | B6: Desk | C6: Furniture | D6: 12000
A7: P006 | B7: Monitor | C7: Electronics | D7: 18000

Sheet Pivot Summary
A1: Department | B1: Employee Count | C1: Average Salary | D1: Total Salary
A2: Sales | B2: =COUNTIF('Employee Data'!C2:C13,A2) | C2: =IFERROR(AVERAGEIF('Employee Data'!C2:C13,A2,'Employee Data'!D2:D13),0) | D2: =SUMIF('Employee Data'!C2:C13,A2,'Employee Data'!D2:D13)
A3: HR | B3: =COUNTIF('Employee Data'!C2:C13,A3) | C3: =IFERROR(AVERAGEIF('Employee Data'!C2:C13,A3,'Employee Data'!D2:D13),0) | D3: =SUMIF('Employee Data'!C2:C13,A3,'Employee Data'!D2:D13)
A4: IT | B4: =COUNTIF('Employee Data'!C2:C13,A4) | C4: =IFERROR(AVERAGEIF('Employee Data'!C2:C13,A4,'Employee Data'!D2:D13),0) | D4: =SUMIF('Employee Data'!C2:C13,A4,'Employee Data'!D2:D13)
A5: Finance | B5: =COUNTIF('Employee Data'!C2:C13,A5) | C5: =IFERROR(AVERAGEIF('Employee Data'!C2:C13,A5,'Employee Data'!D2:D13),0) | D5: =SUMIF('Employee Data'!C2:C13,A5,'Employee Data'!D2:D13)
A6: Marketing | B6: =COUNTIF('Employee Data'!C2:C13,A6) | C6: =IFERROR(AVERAGEIF('Employee Data'!C2:C13,A6,'Employee Data'!D2:D13),0) | D6: =SUMIF('Employee Data'!C2:C13,A6,'Employee Data'!D2:D13)

Sheet Analysis Summary
A1: Metric | B1: Value
A2: Total Employees | B2: =COUNTA('Employee Data'!A2:A13)
A3: Average Salary | B3: =AVERAGE('Employee Data'!D2:D13)
A4: Highest Salary | B4: =MAX('Employee Data'!D2:D13)
A5: Lowest Salary | B5: =MIN('Employee Data'!D2:D13)
A6: Total Salary | B6: =SUM('Employee Data'!D2:D13)
A7: Passed | B7: =COUNTIF('Employee Data'!G2:G13,"Pass")
A8: Failed | B8: =COUNTIF('Employee Data'!G2:G13,"Fail")
